Date,Close
2018-09-27,4750000.0
2018-09-28,4322500.0
2018-10-01,3517375.0
2018-10-02,3393875.0
2018-10-03,3441375.0
2018-10-04,3301250.0
2018-10-05,3187250.0
2018-10-08,3087500.0
2018-10-09,3016250.0
2018-10-10,2909375.0
2018-10-11,2897500.0
2018-10-12,2866625.0
2018-10-15,2669500.0
2018-10-16,2707500.0
2018-10-17,2660000.0
2018-10-18,2838125.0
2018-10-19,3170625.0
2018-10-22,2852375.0
2018-10-23,2731250.0
2018-10-24,2683750.0
2018-10-25,2557875.0
2018-10-26,2660000.0
2018-10-29,2543625.0
2018-10-30,2517500.0
2018-10-31,2541250.0
2018-11-01,2505625.0
2018-11-02,2576875.0
2018-11-05,2472375.0
2018-11-06,2367875.0
2018-11-07,2315625.0
2018-11-08,2092375.0
2018-11-09,2116125.0
2018-11-12,1997375.0
2018-11-13,1954625.0
2018-11-14,2014000.0
2018-11-15,2030625.0
2018-11-16,1933250.0
2018-11-19,1973625.0
2018-11-20,1940375.0
2018-11-21,1995000.0
2018-11-23,1850125.0
2018-11-26,1923750.0
2018-11-27,1881000.0
2018-11-28,1976000.0
2018-11-29,2135125.0
2018-11-30,2375000.0
2018-12-03,2365500.0
2018-12-04,2303750.0
2018-12-06,2182625.0
2018-12-07,2144625.0
2018-12-10,2099500.0
2018-12-11,1999750.0
2018-12-12,1916625.0
2018-12-13,1914250.0
2018-12-14,1852500.0
2018-12-17,1828750.0
2018-12-18,1895250.0
2018-12-19,1892875.0
2018-12-20,1907125.0
2018-12-21,1892875.0
2018-12-24,1771750.0
2018-12-26,1788375.0
2018-12-27,1745625.0
2018-12-28,1802625.0
2018-12-31,1888125.0
2019-01-02,1954625.0
2019-01-03,1966500.0
2019-01-04,2011625.0
2019-01-07,2208750.0
2019-01-08,2294250.0
2019-01-09,2303750.0
2019-01-10,2268125.0
2019-01-11,2325125.0
2019-01-14,2301375.0
2019-01-15,2308500.0
2019-01-16,2251500.0
2019-01-17,2142250.0
2019-01-18,2049625.0
2019-01-22,1971250.0
2019-01-23,2042500.0
2019-01-24,2006875.0
2019-01-25,1940375.0
2019-01-28,1928500.0
2019-01-29,1833500.0
2019-01-30,1738500.0
2019-01-31,1752750.0
2019-02-01,1745625.0
2019-02-04,1767000.0
2019-02-05,1745625.0
2019-02-06,1672000.0
2019-02-07,1591250.0
2019-02-08,1691000.0
2019-02-11,1645875.0
2019-02-12,1622125.0
2019-02-13,1653000.0
2019-02-14,1655375.0
2019-02-15,1748000.0
2019-02-19,1745625.0
2019-02-20,1745625.0
2019-02-21,1733750.0
2019-02-22,1688625.0
2019-02-25,1719500.0
2019-02-26,1686250.0
2019-02-27,1657750.0
2019-02-28,1600750.0
2019-03-01,1650625.0
2019-03-04,1664875.0
2019-03-05,1650625.0
2019-03-06,1520000.0
2019-03-07,1524750.0
2019-03-08,1574625.0
2019-03-11,1558000.0
2019-03-12,1555625.0
2019-03-13,1555625.0
2019-03-14,1560375.0
2019-03-15,1052125.0
2019-03-18,950000.0
2019-03-19,919125.0
2019-03-20,926250.0
2019-03-21,992750.0
2019-03-22,938125.0
2019-03-25,940500.0
2019-03-26,945250.0
2019-03-27,831250.0
2019-03-28,847875.0
2019-03-29,807500.0
2019-04-01,864500.0
2019-04-02,904875.0
2019-04-03,828875.0
2019-04-04,831250.0
2019-04-05,821750.0
2019-04-08,838375.0
2019-04-09,838375.0
2019-04-10,826500.0
2019-04-11,828875.0
2019-04-12,926250.0
2019-04-15,907250.0
2019-04-16,1004625.0
2019-04-17,964250.0
2019-04-18,961875.0
2019-04-22,997500.0
2019-04-23,1059250.0
2019-04-24,1199375.0
2019-04-25,1303875.0
2019-04-26,1137625.0
2019-04-29,1018875.0
2019-04-30,1016500.0
2019-05-01,1052125.0
2019-05-02,1045000.0
2019-05-03,959500.0
2019-05-06,980875.0
2019-05-07,988000.0
2019-05-08,966625.0
2019-05-09,961875.0
2019-05-10,961875.0
2019-05-13,921500.0
2019-05-14,992750.0
2019-05-15,980875.0
2019-05-16,1083000.0
2019-05-17,1140000.0
2019-05-20,1132875.0
2019-05-21,1113875.0
2019-05-22,1026000.0
2019-05-23,938125.0
2019-05-24,883500.0
2019-05-28,855000.0
2019-05-29,831250.0
2019-05-30,814625.0
2019-05-31,817000.0
2019-06-03,779000.0
2019-06-04,831250.0
2019-06-05,812250.0
2019-06-06,795625.0
2019-06-07,790875.0
2019-06-10,807500.0
2019-06-11,733875.0
2019-06-12,726750.0
2019-06-13,781375.0
2019-06-14,781375.0
2019-06-17,743375.0
2019-06-18,771875.0
2019-06-19,795625.0
2019-06-20,817000.0
2019-06-21,807500.0
2019-06-24,800375.0
2019-06-25,819375.0
2019-06-26,826500.0
2019-06-27,812250.0
2019-06-28,859750.0
2019-07-01,831250.0
2019-07-02,833625.0
2019-07-03,807500.0
2019-07-05,847875.0
2019-07-08,821750.0
2019-07-09,814625.0
2019-07-10,828875.0
2019-07-11,798000.0
2019-07-12,783750.0
2019-07-15,752875.0
2019-07-16,743375.0
2019-07-17,693500.0
2019-07-18,655500.0
2019-07-19,650750.0
2019-07-22,643625.0
2019-07-23,646000.0
2019-07-24,655500.0
2019-07-25,653125.0
2019-07-26,648375.0
2019-07-29,676875.0
2019-07-30,684000.0
2019-07-31,672125.0
2019-08-01,684000.0
2019-08-02,676875.0
2019-08-05,641250.0
2019-08-06,646000.0
2019-08-07,636500.0
2019-08-08,643625.0
2019-08-09,648375.0
2019-08-12,669750.0
2019-08-13,287375.0
2019-08-14,351500.0
2019-08-15,465500.0
2019-08-16,427500.0
2019-08-19,446500.0
2019-08-20,496375.0
2019-08-21,496375.0
2019-08-22,472625.0
2019-08-23,444125.0
2019-08-26,425125.0
2019-08-27,391875.0
2019-08-28,356250.0
2019-08-29,372875.0
2019-08-30,365750.0
2019-09-03,356250.0
2019-09-04,353875.0
2019-09-05,363375.0
2019-09-06,365750.0
2019-09-09,339625.0
2019-09-10,401375.0
2019-09-11,441750.0
2019-09-12,399000.0
2019-09-13,410875.0
2019-09-16,401375.0
2019-09-17,403750.0
2019-09-18,387125.0
2019-09-19,353875.0
2019-09-20,353875.0
2019-09-23,349125.0
2019-09-24,323000.0
2019-09-25,330125.0
2019-09-26,327750.0
2019-09-27,375250.0
2019-09-30,332500.0
2019-10-01,301625.0
2019-10-02,277875.0
2019-10-03,270750.0
2019-10-04,299250.0
2019-10-07,280250.0
2019-10-08,280250.0
2019-10-09,285000.0
2019-10-10,268375.0
2019-10-11,289750.0
2019-10-14,273125.0
2019-10-15,337250.0
2019-10-16,349125.0
2019-10-17,342000.0
2019-10-18,318250.0
2019-10-21,323000.0
2019-10-22,349125.0
2019-10-23,377625.0
2019-10-24,384750.0
2019-10-25,372875.0
2019-10-28,361000.0
2019-10-29,325375.0
2019-10-30,358625.0
2019-10-31,358625.0
2019-11-01,332500.0
2019-11-04,346750.0
2019-11-05,361000.0
2019-11-06,346750.0
2019-11-07,399000.0
2019-11-08,391875.0
2019-11-11,368125.0
2019-11-12,377625.0
2019-11-13,361000.0
2019-11-14,368125.0
2019-11-15,363375.0
2019-11-18,368125.0
2019-11-19,351500.0
2019-11-20,346750.0
2019-11-21,320625.0
2019-11-22,334875.0
2019-11-25,339625.0
2019-11-26,344375.0
2019-11-27,339625.0
2019-11-29,301625.0
2019-12-02,315875.0
2019-12-03,289750.0
2019-12-04,325375.0
2019-12-05,311125.0
2019-12-06,287375.0
2019-12-09,254125.0
2019-12-10,237500.0
2019-12-11,211375.0
2019-12-12,213750.0
2019-12-13,187625.0
2019-12-16,185250.0
2019-12-17,182875.0
2019-12-18,206625.0
2019-12-19,211375.0
2019-12-20,213750.0
2019-12-23,206625.0
2019-12-24,220875.0
2019-12-26,218500.0
2019-12-27,211375.0
2019-12-30,292125.0
2019-12-31,268375.0
2020-01-02,266000.0
2020-01-03,270750.0
2020-01-06,280250.0
2020-01-07,315875.0
2020-01-08,334875.0
2020-01-09,327750.0
2020-01-10,363375.0
2020-01-13,368125.0
2020-01-14,372875.0
2020-01-15,482125.0
2020-01-16,482125.0
2020-01-17,415625.0
2020-01-21,498750.0
2020-01-22,439375.0
2020-01-23,458375.0
2020-01-24,453625.0
2020-01-27,434625.0
2020-01-28,441750.0
2020-01-29,472625.0
2020-01-30,560500.0
2020-01-31,586625.0
2020-02-03,584250.0
2020-02-04,522500.0
2020-02-05,565250.0
2020-02-06,591375.0
2020-02-07,574750.0
2020-02-10,548625.0
2020-02-11,560500.0
2020-02-12,510625.0
2020-02-13,505875.0
2020-02-14,501125.0
2020-02-18,463125.0
2020-02-19,425125.0
2020-02-20,403750.0
2020-02-21,427500.0
2020-02-24,356250.0
2020-02-25,356250.0
2020-02-26,353875.0
2020-02-27,323000.0
2020-02-28,344375.0
2020-03-02,356250.0
2020-03-03,296875.0
2020-03-04,342000.0
2020-03-05,375250.0
2020-03-06,358625.0
2020-03-09,356250.0
2020-03-10,334875.0
2020-03-11,299250.0
2020-03-12,296875.0
2020-03-13,313500.0
2020-03-16,285000.0
2020-03-17,254125.0
2020-03-18,277875.0
2020-03-19,273125.0
2020-03-20,254125.0
2020-03-23,237500.0
2020-03-24,261250.0
2020-03-25,261250.0
2020-03-26,261250.0
2020-03-27,261250.0
2020-03-30,242250.0
2020-03-31,258875.0
2020-04-01,311125.0
2020-04-02,315875.0
2020-04-03,299250.0
2020-04-06,256500.0
2020-04-07,261250.0
2020-04-08,266000.0
2020-04-09,266000.0
2020-04-13,247000.0
2020-04-14,263625.0
2020-04-15,294500.0
2020-04-16,270750.0
2020-04-17,249375.0
2020-04-20,249375.0
2020-04-21,237500.0
2020-04-22,235125.0
2020-04-23,237500.0
2020-04-24,237500.0
2020-04-27,275500.0
2020-04-28,244625.0
2020-04-29,254125.0
2020-04-30,237500.0
2020-05-01,235125.0
2020-05-04,228000.0
2020-05-05,225625.0
2020-05-06,220875.0
2020-05-07,230375.0
2020-05-08,273125.0
2020-05-11,244625.0
2020-05-12,249375.0
2020-05-13,228000.0
2020-05-14,201875.0
2020-05-15,185250.0
2020-05-18,178125.0
2020-05-19,156750.0
2020-05-20,118750.0
2020-05-21,114000.0
2020-05-22,116375.0
2020-05-26,125875.0
2020-05-27,118750.0
2020-05-28,116375.0
2020-05-29,123500.0
2020-06-01,121125.0
2020-06-02,118750.0
2020-06-03,121125.0
2020-06-04,130625.0
2020-06-05,125875.0
2020-06-08,142500.0
2020-06-09,144875.0
2020-06-10,147250.0
2020-06-11,144875.0
2020-06-12,144875.0
2020-06-15,144875.0
2020-06-16,144875.0
2020-06-17,149625.0
2020-06-18,147250.0
2020-06-19,135375.0
2020-06-22,137750.0
2020-06-23,135375.0
2020-06-24,130625.0
2020-06-25,123500.0
2020-06-26,114000.0
2020-06-29,123500.0
2020-06-30,116375.0
2020-07-01,111625.0
2020-07-02,111625.0
2020-07-06,111625.0
2020-07-07,106875.0
2020-07-08,106875.0
2020-07-09,109250.0
2020-07-10,106875.0
2020-07-13,104500.0
2020-07-14,102125.0
2020-07-15,104500.0
2020-07-16,104500.0
2020-07-17,95000.0
2020-07-20,92625.0
2020-07-21,99750.0
2020-07-22,97375.0
2020-07-23,92625.0
2020-07-24,92625.0
2020-07-27,90250.0
2020-07-28,85500.0
2020-07-29,80750.0
2020-07-30,68875.0
2020-07-31,68875.0
2020-08-03,68875.0
2020-08-04,71250.0
2020-08-05,68875.0
2020-08-06,78375.0
2020-08-07,78375.0
2020-08-10,87875.0
2020-08-11,83125.0
2020-08-12,76000.0
2020-08-13,76000.0
2020-08-14,73625.0
2020-08-17,73625.0
2020-08-18,71250.0
2020-08-19,83125.0
2020-08-20,76000.0
2020-08-21,83125.0
2020-08-24,80750.0
2020-08-25,85500.0
2020-08-26,80750.0
2020-08-27,78375.0
2020-08-28,80750.0
2020-08-31,80750.0
2020-09-01,73625.0
2020-09-02,71250.0
2020-09-03,66500.0
2020-09-04,66500.0
2020-09-08,61750.0
2020-09-09,59375.0
2020-09-10,59375.0
2020-09-11,59375.0
2020-09-14,59375.0
2020-09-15,61750.0
2020-09-16,61750.0
2020-09-17,61750.0
2020-09-18,61750.0
2020-09-21,59375.0
2020-09-22,59375.0
2020-09-23,54625.0
2020-09-24,54625.0
2020-09-25,61750.0
2020-09-28,66500.0
2020-09-29,66500.0
2020-09-30,68875.0
2020-10-01,64125.0
2020-10-02,64125.0
2020-10-05,64125.0
2020-10-06,64125.0
2020-10-07,68875.0
2020-10-08,68875.0
2020-10-09,71250.0
2020-10-12,64125.0
2020-10-13,64125.0
2020-10-14,61750.0
2020-10-15,61750.0
2020-10-16,61750.0
2020-10-19,61750.0
2020-10-20,57000.0
2020-10-21,59375.0
2020-10-22,57000.0
2020-10-23,54625.0
2020-10-26,54625.0
2020-10-27,52250.0
2020-10-28,47500.0
2020-10-29,47500.0
2020-10-30,42750.0
2020-11-02,42750.0
2020-11-03,45125.0
2020-11-04,42750.0
2020-11-05,45125.0
2020-11-06,42750.0
2020-11-09,52250.0
2020-11-10,49875.0
2020-11-11,49875.0
2020-11-12,47500.0
2020-11-13,52250.0
2020-11-16,49875.0
2020-11-17,43890.0
2020-11-18,51395.0
2020-11-19,56430.0
2020-11-20,60705.0
2020-11-23,63080.0
2020-11-24,61180.0
2020-11-25,64410.0
2020-11-27,62415.0
2020-11-30,55955.0
2020-12-01,56335.0
2020-12-02,56430.0
2020-12-03,59090.0
2020-12-04,64220.0
2020-12-07,59090.0
2020-12-08,58995.0
2020-12-09,60135.0
2020-12-10,63745.0
2020-12-11,65360.0
2020-12-14,63460.0
2020-12-15,68685.0
2020-12-16,66880.0
2020-12-17,69730.0
2020-12-18,74005.0
2020-12-21,83790.0
2020-12-22,69350.0
2020-12-23,66500.0
2020-12-24,68115.0
2020-12-28,72865.0
2020-12-29,70490.0
2020-12-30,72200.0
2020-12-31,70585.0
2021-01-04,66975.0
2021-01-05,67545.0
2021-01-06,61085.0
2021-01-07,62035.0
2021-01-08,63270.0
2021-01-11,62415.0
2021-01-12,62890.0
2021-01-13,64980.0
2021-01-14,67260.0
2021-01-15,66215.0
2021-01-19,67640.0
2021-01-20,68400.0
2021-01-21,71250.0
2021-01-22,73245.0
2021-01-25,74385.0
2021-01-26,75905.0
2021-01-27,66500.0
2021-01-28,68020.0
2021-01-29,62605.0
2021-02-01,65550.0
2021-02-02,63650.0
2021-02-03,63270.0
2021-02-04,76095.0
2021-02-05,72295.0
2021-02-08,71440.0
2021-02-09,78470.0
2021-02-10,76950.0
2021-02-11,76000.0
2021-02-12,80655.0
2021-02-16,83030.0
2021-02-17,85215.0
2021-02-18,81795.0
2021-02-19,81890.0
2021-02-22,83410.0
2021-02-23,75050.0
2021-02-24,74100.0
2021-02-25,72105.0
2021-02-26,65360.0
2021-03-01,66975.0
2021-03-02,69635.0
2021-03-03,67070.0
2021-03-04,54625.0
2021-03-05,55100.0
2021-03-08,54055.0
2021-03-09,55195.0
2021-03-10,56525.0
2021-03-11,58615.0
2021-03-12,58710.0
2021-03-15,57475.0
2021-03-16,57950.0
2021-03-17,60610.0
2021-03-18,57285.0
2021-03-19,59090.0
2021-03-22,58520.0
2021-03-23,53960.0
2021-03-24,49495.0
2021-03-25,51680.0
2021-03-26,49590.0
2021-03-29,48355.0
2021-03-30,44080.0
2021-03-31,44270.0
2021-04-01,46645.0
2021-04-05,44745.0
2021-04-06,46170.0
2021-04-07,44555.0
2021-04-08,44650.0
2021-04-09,44935.0
2021-04-12,40470.0
2021-04-13,38095.0
2021-04-14,37525.0
2021-04-15,36765.0
2021-04-16,36195.0
2021-04-19,36765.0
2021-04-20,35245.0
2021-04-21,35435.0
2021-04-22,36765.0
2021-04-23,38380.0
2021-04-26,40375.0
2021-04-27,40660.0
2021-04-28,39045.0
2021-04-29,40090.0
2021-04-30,36955.0
2021-05-03,35340.0
2021-05-04,35340.0
2021-05-05,34770.0
2021-05-06,35910.0
2021-05-07,39235.0
2021-05-10,34295.0
2021-05-11,31540.0
2021-05-12,37240.0
2021-05-13,33725.0
2021-05-14,33630.0
2021-05-17,30495.0
2021-05-18,28975.0
2021-05-19,28785.0
2021-05-20,29925.0
2021-05-21,31920.0
2021-05-24,30020.0
2021-05-25,29640.0
2021-05-26,30875.0
2021-05-27,31160.0
2021-05-28,30875.0
2021-06-01,32205.0
2021-06-02,35340.0
2021-06-03,41325.0
2021-06-04,46360.0
2021-06-07,86830.0
2021-06-08,69825.0
2021-06-09,67355.0
2021-06-10,62795.0
2021-06-11,56525.0
2021-06-14,53675.0
2021-06-15,49685.0
2021-06-16,51110.0
2021-06-17,49495.0
2021-06-18,49590.0
2021-06-21,45410.0
2021-06-22,46835.0
2021-06-23,49400.0
2021-06-24,48735.0
2021-06-25,49685.0
2021-06-28,47215.0
2021-06-29,44080.0
2021-06-30,41515.0
2021-07-01,42085.0
2021-07-02,44840.0
2021-07-06,38000.0
2021-07-07,36005.0
2021-07-08,39995.0
2021-07-09,38760.0
2021-07-12,38190.0
2021-07-13,36385.0
2021-07-14,33725.0
2021-07-15,33440.0
2021-07-16,32775.0
2021-07-19,31825.0
2021-07-20,33535.0
2021-07-21,35530.0
2021-07-22,34770.0
2021-07-23,32015.0
2021-07-26,30875.0
2021-07-27,30780.0
2021-07-28,32015.0
2021-07-29,32015.0
2021-07-30,32585.0
2021-08-02,38665.0
2021-08-03,31825.0
2021-08-04,31160.0
2021-08-05,31160.0
2021-08-06,31825.0
2021-08-09,31635.0
2021-08-10,30875.0
2021-08-11,31920.0
2021-08-12,31540.0
2021-08-13,31255.0
2021-08-16,28405.0
2021-08-17,23465.0
2021-08-18,25365.0
2021-08-19,24320.0
2021-08-20,25555.0
2021-08-23,27835.0
2021-08-24,28215.0
2021-08-25,28785.0
2021-08-26,28595.0
2021-08-27,29830.0
2021-08-30,28690.0
2021-08-31,31065.0
2021-09-01,29830.0
2021-09-02,30970.0
2021-09-03,30305.0
2021-09-07,29735.0
2021-09-08,28880.0
2021-09-09,29545.0
2021-09-10,30020.0
2021-09-13,29450.0
2021-09-14,27930.0
2021-09-15,28690.0
2021-09-16,28310.0
2021-09-17,29735.0
2021-09-20,27455.0
2021-09-21,30590.0
2021-09-22,28500.0
2021-09-23,29545.0
2021-09-24,28880.0
2021-09-27,31825.0
2021-09-28,30210.0
2021-09-29,28880.0
2021-09-30,29830.0
2021-10-01,28595.0
2021-10-04,27930.0
2021-10-05,28215.0
2021-10-06,28595.0
2021-10-07,28785.0
2021-10-08,27740.0
2021-10-11,31730.0
2021-10-12,31730.0
2021-10-13,30400.0
2021-10-14,30305.0
2021-10-15,28975.0
2021-10-18,29165.0
2021-10-19,29355.0
2021-10-20,28500.0
2021-10-21,30590.0
2021-10-22,28595.0
2021-10-25,28595.0
2021-10-26,29070.0
2021-10-27,28595.0
2021-10-28,28975.0
2021-10-29,28500.0
2021-11-01,28690.0
2021-11-02,29640.0
2021-11-03,29735.0
2021-11-04,29355.0
2021-11-05,28785.0
2021-11-08,28500.0
2021-11-09,27930.0
2021-11-10,27835.0
2021-11-11,27740.0
2021-11-12,27075.0
2021-11-15,26410.0
2021-11-16,25175.0
2021-11-17,25270.0
2021-11-18,23940.0
2021-11-19,24225.0
2021-11-22,24890.0
2021-11-23,22990.0
2021-11-24,24415.0
2021-11-26,23275.0
2021-11-29,22515.0
2021-11-30,21185.0
2021-12-01,19665.0
2021-12-02,17860.0
2021-12-03,16530.0
2021-12-06,17290.0
2021-12-07,17575.0
2021-12-08,18905.0
2021-12-09,18430.0
2021-12-10,18240.0
2021-12-13,17290.0
2021-12-14,16625.0
2021-12-15,15675.0
2021-12-16,14725.0
2021-12-17,15675.0
2021-12-20,15010.0
2021-12-21,15200.0
2021-12-22,15675.0
2021-12-23,16435.0
2021-12-27,15960.0
2021-12-28,14915.0
2021-12-29,15390.0
2021-12-30,15485.0
2021-12-31,14820.0
2022-01-03,15960.0
2022-01-04,15390.0
2022-01-05,14725.0
2022-01-06,14345.0
2022-01-07,14345.0
2022-01-10,13965.0
2022-01-11,14535.0
2022-01-12,13965.0
2022-01-13,13395.0
2022-01-14,13110.0
2022-01-18,11780.0
2022-01-19,11495.0
2022-01-20,11020.0
2022-01-21,10070.0
2022-01-24,9785.0
2022-01-25,9975.0
2022-01-26,9215.0
2022-01-27,8455.0
2022-01-28,9120.0
2022-01-31,9025.0
2022-02-01,8740.0
2022-02-02,8265.0
2022-02-03,6650.0
2022-02-04,3420.0
2022-02-07,3420.0
2022-02-08,3515.0
2022-02-09,3705.0
2022-02-10,3800.0
2022-02-11,3800.0
2022-02-14,3610.0
2022-02-15,3800.0
2022-02-16,3990.0
2022-02-17,3705.0
2022-02-18,3610.0
2022-02-22,3420.0
2022-02-23,3230.0
2022-02-24,3325.0
2022-02-25,3990.0
2022-02-28,4085.0
2022-03-01,4750.0
2022-03-02,4655.0
2022-03-03,4275.0
2022-03-04,3990.0
2022-03-07,3705.0
2022-03-08,3610.0
2022-03-09,3610.0
2022-03-10,3800.0
2022-03-11,3895.0
2022-03-14,4180.0
2022-03-15,4180.0
2022-03-16,3990.0
2022-03-17,4370.0
2022-03-18,4465.0
2022-03-21,4940.0
2022-03-22,4845.0
2022-03-23,4845.0
2022-03-24,4180.0
2022-03-25,3800.0
2022-03-28,4085.0
2022-03-29,3990.0
2022-03-30,3800.0
2022-03-31,3800.0
2022-04-01,3895.0
2022-04-04,3990.0
2022-04-05,3895.0
2022-04-06,3800.0
2022-04-07,3705.0
2022-04-08,3800.0
2022-04-11,3515.0
2022-04-12,3230.0
2022-04-13,3325.0
2022-04-14,3325.0
2022-04-18,3135.0
2022-04-19,3230.0
2022-04-20,3325.0
2022-04-21,3135.0
2022-04-22,3040.0
2022-04-25,3040.0
2022-04-26,2945.0
2022-04-27,2850.0
2022-04-28,3515.0
2022-04-29,3135.0
2022-05-02,3325.0
2022-05-03,3515.0
2022-05-04,3515.0
2022-05-05,3420.0
2022-05-06,3420.0
2022-05-09,2945.0
2022-05-10,2945.0
2022-05-11,2565.0
2022-05-12,2660.0
2022-05-13,2660.0
2022-05-16,2660.0
2022-05-17,2755.0
2022-05-18,2660.0
2022-05-19,2660.0
2022-05-20,2850.0
2022-05-23,2945.0
2022-05-24,2755.0
2022-05-25,2755.0
2022-05-26,2755.0
2022-05-27,2755.0
2022-05-31,2945.0
2022-06-01,2945.0
2022-06-02,3135.0
2022-06-03,2945.0
2022-06-06,2945.0
2022-06-07,3135.0
2022-06-08,3230.0
2022-06-09,3230.0
2022-06-10,3230.0
2022-06-13,2945.0
2022-06-14,2945.0
2022-06-15,2945.0
2022-06-16,2850.0
2022-06-17,2660.0
2022-06-21,2755.0
2022-06-22,2850.0
2022-06-23,2850.0
2022-06-24,3135.0
2022-06-27,3040.0
2022-06-28,2945.0
2022-06-29,3040.0
2022-06-30,2945.0
2022-07-01,2945.0
2022-07-05,4085.0
2022-07-06,3705.0
2022-07-07,3325.0
2022-07-08,3325.0
2022-07-11,3325.0
2022-07-12,3325.0
2022-07-13,3420.0
2022-07-14,3325.0
2022-07-15,3325.0
2022-07-18,3325.0
2022-07-19,3325.0
2022-07-20,3420.0
2022-07-21,3325.0
2022-07-22,1520.0
2022-07-25,1710.0
2022-07-26,1520.0
2022-07-27,1615.0
2022-07-28,1520.0
2022-07-29,1520.0
2022-08-01,1520.0
2022-08-02,1520.0
2022-08-03,1615.0
2022-08-04,1805.0
2022-08-05,1805.0
2022-08-08,1805.0
2022-08-09,1615.0
2022-08-10,1615.0
2022-08-11,1710.0
2022-08-12,1805.0
2022-08-15,1805.0
2022-08-16,1615.0
2022-08-17,1615.0
2022-08-18,1615.0
2022-08-19,1520.0
2022-08-22,1330.0
2022-08-23,1425.0
2022-08-24,1425.0
2022-08-25,1520.0
2022-08-26,1425.0
2022-08-29,1425.0
2022-08-30,1425.0
2022-08-31,1520.0
2022-09-01,1520.0
2022-09-02,1520.0
2022-09-06,1425.0
2022-09-07,1425.0
2022-09-08,1330.0
2022-09-09,1425.0
2022-09-12,1615.0
2022-09-13,1520.0
2022-09-14,1520.0
2022-09-15,1615.0
2022-09-16,1330.0
2022-09-19,1330.0
2022-09-20,1330.0
2022-09-21,1235.0
2022-09-22,1235.0
2022-09-23,1235.0
2022-09-26,1140.0
2022-09-27,1330.0
2022-09-28,1235.0
2022-09-29,1235.0
2022-09-30,1140.0
2022-10-03,1259.699951171875
2022-10-04,1242.5999755859375
2022-10-05,1225.5
2022-10-06,1288.199951171875
2022-10-07,1189.4000244140625
2022-10-10,1223.5999755859375
2022-10-11,1162.800048828125
2022-10-12,1069.699951171875
2022-10-13,932.9000244140625
2022-10-14,934.7999877929688
2022-10-17,1035.5
2022-10-18,1195.0999755859375
2022-10-19,978.5
2022-10-20,944.2999877929688
2022-10-21,936.7000122070312
2022-10-24,875.9000244140625
2022-10-25,875.9000244140625
2022-10-26,864.5
2022-10-27,750.5
2022-10-28,710.5999755859375
2022-10-31,674.5
2022-11-01,725.7999877929688
2022-11-02,670.7000122070312
2022-11-03,708.7000122070312
2022-11-04,685.9000244140625
2022-11-07,642.2000122070312
2022-11-08,587.0999755859375
2022-11-09,539.5999755859375
2022-11-10,577.5999755859375
2022-11-11,651.7000122070312
2022-11-14,608.0
2022-11-15,596.5999755859375
2022-11-16,551.0
2022-11-17,541.5
2022-11-18,537.7000122070312
2022-11-21,507.29998779296875
2022-11-22,446.5
2022-11-23,484.5
2022-11-25,471.20001220703125
2022-11-28,423.70001220703125
2022-11-29,400.8999938964844
2022-11-30,465.5
2022-12-01,602.2999877929688
2022-12-02,879.7000122070312
2022-12-05,792.2999877929688
2022-12-06,1054.5
2022-12-07,919.5999755859375
2022-12-08,862.5999755859375
2022-12-09,944.2999877929688
2022-12-12,1039.300048828125
2022-12-13,893.0
2022-12-14,1008.9000244140625
2022-12-15,908.2000122070312
2022-12-16,1035.5
2022-12-19,1014.5999755859375
2022-12-20,951.9000244140625
2022-12-21,847.4000244140625
2022-12-22,735.2999877929688
2022-12-23,824.5999755859375
2022-12-27,741.0
2022-12-28,889.2000122070312
2022-12-29,948.0999755859375
2022-12-30,1119.0999755859375
2023-01-03,1198.9000244140625
2023-01-04,1288.199951171875
2023-01-05,1288.199951171875
2023-01-06,1217.9000244140625
2023-01-09,1217.9000244140625
2023-01-10,874.0
2023-01-11,598.5
2023-01-12,712.5
2023-01-13,727.7000122070312
2023-01-17,695.4000244140625
2023-01-18,706.7999877929688
2023-01-19,653.5999755859375
2023-01-20,636.5
2023-01-23,655.5
2023-01-24,646.0
2023-01-25,657.4000244140625
2023-01-26,621.2999877929688
2023-01-27,621.2999877929688
2023-01-30,600.4000244140625
2023-01-31,590.9000244140625
2023-02-01,573.7999877929688
2023-02-02,566.2000122070312
2023-02-03,577.5999755859375
2023-02-06,573.7999877929688
2023-02-07,554.7999877929688
2023-02-08,539.5999755859375
2023-02-09,528.2000122070312
2023-02-10,533.9000244140625
2023-02-13,562.4000244140625
2023-02-14,562.4000244140625
2023-02-15,564.2999877929688
2023-02-16,564.2999877929688
2023-02-17,545.2999877929688
2023-02-21,541.5
2023-02-22,528.2000122070312
2023-02-23,537.7000122070312
2023-02-24,533.9000244140625
2023-02-27,507.29998779296875
2023-02-28,514.9000244140625
2023-03-01,497.79998779296875
2023-03-02,444.6000061035156
2023-03-03,404.70001220703125
2023-03-06,431.29998779296875
2023-03-07,370.5
2023-03-08,359.1000061035156
2023-03-09,342.0
2023-03-10,311.6000061035156
2023-03-13,334.3999938964844
2023-03-14,336.29998779296875
2023-03-15,332.5
2023-03-16,362.8999938964844
2023-03-17,321.1000061035156
2023-03-20,304.0
2023-03-21,321.1000061035156
2023-03-22,283.1000061035156
2023-03-23,269.79998779296875
2023-03-24,273.6000061035156
2023-03-27,288.79998779296875
2023-03-28,296.3999938964844
2023-03-29,286.8999938964844
2023-03-30,283.1000061035156
2023-03-31,290.70001220703125
2023-04-03,296.3999938964844
2023-04-04,296.3999938964844
2023-04-05,283.1000061035156
2023-04-06,286.8999938964844
2023-04-10,283.1000061035156
2023-04-11,277.3999938964844
2023-04-12,258.3999938964844
2023-04-13,264.1000061035156
2023-04-14,264.1000061035156
2023-04-17,296.3999938964844
2023-04-18,290.70001220703125
2023-04-19,273.6000061035156
2023-04-20,273.6000061035156
2023-04-21,281.20001220703125
2023-04-24,266.0
2023-04-25,250.8000030517578
2023-04-26,248.89999389648438
2023-04-27,241.3000030517578
2023-04-28,245.10000610351562
2023-05-01,248.89999389648438
2023-05-02,233.6999969482422
2023-05-03,231.8000030517578
2023-05-04,235.60000610351562
2023-05-05,237.5
2023-05-08,241.3000030517578
2023-05-09,235.60000610351562
2023-05-10,231.8000030517578
2023-05-11,220.39999389648438
2023-05-12,237.5
2023-05-15,229.89999389648438
2023-05-16,224.1999969482422
2023-05-17,214.6999969482422
2023-05-18,218.5
2023-05-19,224.1999969482422
2023-05-22,228.0
2023-05-23,212.8000030517578
2023-05-24,203.3000030517578
2023-05-25,201.39999389648438
2023-05-26,203.3000030517578
2023-05-30,199.5
2023-05-31,199.5
2023-06-01,205.1999969482422
2023-06-02,199.5
2023-06-05,203.3000030517578
2023-06-06,214.6999969482422
2023-06-07,214.6999969482422
2023-06-08,214.6999969482422
2023-06-09,210.89999389648438
2023-06-12,220.39999389648438
2023-06-13,207.10000610351562
2023-06-14,209.0
2023-06-15,205.1999969482422
2023-06-16,201.39999389648438
2023-06-20,205.1999969482422
2023-06-21,205.1999969482422
2023-06-22,193.8000030517578
2023-06-23,191.89999389648438
2023-06-26,182.39999389648438
2023-06-27,186.1999969482422
2023-06-28,178.60000610351562
2023-06-29,178.60000610351562
2023-06-30,174.8000030517578
2023-07-03,169.10000610351562
2023-07-05,161.5
2023-07-06,150.10000610351562
2023-07-07,142.5
2023-07-10,133.0
2023-07-11,146.3000030517578
2023-07-12,144.39999389648438
2023-07-13,146.3000030517578
2023-07-14,140.60000610351562
2023-07-17,136.8000030517578
2023-07-18,134.89999389648438
2023-07-19,134.89999389648438
2023-07-20,131.10000610351562
2023-07-21,129.1999969482422
2023-07-24,129.1999969482422
2023-07-25,125.4000015258789
2023-07-26,125.4000015258789
2023-07-27,127.30000305175781
2023-07-28,117.80000305175781
2023-07-31,119.69999694824219
2023-08-01,123.5
2023-08-02,121.5999984741211
2023-08-03,121.5999984741211
2023-08-04,119.69999694824219
2023-08-07,136.8000030517578
2023-08-08,123.5
2023-08-09,123.5
2023-08-10,127.30000305175781
2023-08-11,119.69999694824219
2023-08-14,121.5999984741211
2023-08-15,117.80000305175781
2023-08-16,102.5999984741211
2023-08-17,112.0999984741211
2023-08-18,102.5999984741211
2023-08-21,104.5
2023-08-22,102.5999984741211
2023-08-23,106.4000015258789
2023-08-24,106.4000015258789
2023-08-25,95.0
2023-08-28,93.0999984741211
2023-08-29,98.80000305175781
2023-08-30,98.80000305175781
2023-08-31,106.4000015258789
2023-09-01,102.5999984741211
2023-09-05,108.30000305175781
2023-09-06,108.30000305175781
2023-09-07,108.30000305175781
2023-09-08,102.5999984741211
2023-09-11,108.30000305175781
2023-09-12,106.4000015258789
2023-09-13,100.69999694824219
2023-09-14,100.69999694824219
2023-09-15,108.30000305175781
2023-09-18,102.5999984741211
2023-09-19,102.5999984741211
2023-09-20,102.5999984741211
2023-09-21,100.69999694824219
2023-09-22,91.19999694824219
2023-09-25,87.4000015258789
2023-09-26,91.19999694824219
2023-09-27,87.4000015258789
2023-09-28,85.5
2023-09-29,83.5999984741211
2023-10-02,85.5
2023-10-03,77.9000015258789
2023-10-04,68.4000015258789
2023-10-05,68.4000015258789
2023-10-06,77.9000015258789
2023-10-09,81.69999694824219
2023-10-10,83.5999984741211
2023-10-11,77.9000015258789
2023-10-12,76.0
2023-10-13,76.0
2023-10-16,74.0999984741211
2023-10-17,72.19999694824219
2023-10-18,74.0999984741211
2023-10-19,72.19999694824219
2023-10-20,74.0999984741211
2023-10-23,72.19999694824219
2023-10-24,74.0999984741211
2023-10-25,72.19999694824219
2023-10-26,74.0999984741211
2023-10-27,79.80000305175781
2023-10-30,79.80000305175781
2023-10-31,83.5999984741211
2023-11-01,83.5999984741211
2023-11-02,85.5
2023-11-03,85.5
2023-11-06,79.80000305175781
2023-11-07,77.9000015258789
2023-11-08,83.5999984741211
2023-11-09,83.5999984741211
2023-11-10,81.69999694824219
2023-11-13,81.69999694824219
2023-11-14,77.9000015258789
2023-11-15,83.5999984741211
2023-11-16,85.5
2023-11-17,83.5999984741211
2023-11-20,79.80000305175781
2023-11-21,77.9000015258789
2023-11-22,79.80000305175781
2023-11-24,87.4000015258789
2023-11-27,83.5999984741211
2023-11-28,91.19999694824219
2023-11-29,96.9000015258789
2023-11-30,95.0
2023-12-01,95.0
2023-12-04,91.19999694824219
2023-12-05,91.19999694824219
2023-12-06,89.30000305175781
2023-12-07,87.4000015258789
2023-12-08,89.30000305175781
2023-12-11,89.30000305175781
2023-12-12,89.30000305175781
2023-12-13,87.4000015258789
2023-12-14,89.30000305175781
2023-12-15,91.19999694824219
2023-12-18,87.4000015258789
2023-12-19,83.5999984741211
2023-12-20,79.80000305175781
2023-12-21,76.0
2023-12-22,79.80000305175781
2023-12-26,77.9000015258789
2023-12-27,74.0999984741211
2023-12-28,76.0
2023-12-29,76.0
2024-01-02,76.0
2024-01-03,76.0
2024-01-04,76.0
2024-01-05,76.0
2024-01-08,74.0999984741211
2024-01-09,74.0999984741211
2024-01-10,74.0999984741211
2024-01-11,74.0999984741211
2024-01-12,74.0999984741211
2024-01-16,74.0999984741211
2024-01-17,76.0
2024-01-18,74.0999984741211
2024-01-19,81.69999694824219
2024-01-22,91.19999694824219
2024-01-23,104.5
2024-01-24,87.4000015258789
2024-01-25,112.0999984741211
2024-01-26,98.80000305175781
2024-01-29,108.30000305175781
2024-01-30,110.19999694824219
2024-01-31,91.19999694824219
2024-02-01,89.30000305175781
2024-02-02,87.4000015258789
2024-02-05,81.69999694824219
2024-02-06,79.80000305175781
2024-02-07,79.80000305175781
2024-02-08,79.80000305175781
2024-02-09,77.9000015258789
2024-02-12,76.0
2024-02-13,77.9000015258789
2024-02-14,79.80000305175781
2024-02-15,77.9000015258789
2024-02-16,81.69999694824219
2024-02-20,79.80000305175781
2024-02-21,79.80000305175781
2024-02-22,79.80000305175781
2024-02-23,77.9000015258789
2024-02-26,79.80000305175781
2024-02-27,85.5
2024-02-28,93.0999984741211
2024-02-29,93.0999984741211
2024-03-01,95.0
2024-03-04,102.5999984741211
2024-03-05,98.80000305175781
2024-03-06,106.4000015258789
2024-03-07,108.30000305175781
2024-03-08,108.30000305175781
2024-03-11,115.9000015258789
2024-03-12,110.19999694824219
2024-03-13,102.5999984741211
2024-03-14,110.19999694824219
2024-03-15,79.80000305175781
2024-03-18,96.9000015258789
2024-03-19,96.9000015258789
2024-03-20,100.69999694824219
2024-03-21,98.80000305175781
2024-03-22,95.0
2024-03-25,95.0
2024-03-26,93.0999984741211
2024-03-27,93.0999984741211
2024-03-28,93.0999984741211
2024-04-01,95.0
2024-04-02,95.0
2024-04-03,100.69999694824219
2024-04-04,95.0
2024-04-05,96.9000015258789
2024-04-08,96.9000015258789
2024-04-09,98.80000305175781
2024-04-10,93.0999984741211
2024-04-11,85.5
2024-04-12,93.0999984741211
2024-04-15,87.4000015258789
2024-04-16,87.4000015258789
2024-04-17,83.5999984741211
2024-04-18,91.19999694824219
2024-04-19,83.5999984741211
2024-04-22,85.5
2024-04-23,87.4000015258789
2024-04-24,108.30000305175781
2024-04-25,104.5
2024-04-26,104.5
2024-04-29,106.4000015258789
2024-04-30,104.5
2024-05-01,100.69999694824219
2024-05-02,100.69999694824219
2024-05-03,106.4000015258789
2024-05-06,104.5
2024-05-07,106.4000015258789
2024-05-08,110.19999694824219
2024-05-09,108.30000305175781
2024-05-10,114.0
2024-05-13,115.9000015258789
2024-05-14,114.0
2024-05-15,112.0999984741211
2024-05-16,115.9000015258789
2024-05-17,110.19999694824219
2024-05-20,108.30000305175781
2024-05-21,110.19999694824219
2024-05-22,104.5
2024-05-23,100.69999694824219
2024-05-24,100.69999694824219
2024-05-28,100.69999694824219
2024-05-29,96.9000015258789
2024-05-30,95.0
2024-05-31,95.0
2024-06-03,98.80000305175781
2024-06-04,95.0
2024-06-05,93.0999984741211
2024-06-06,102.5999984741211
2024-06-07,98.80000305175781
2024-06-10,96.9000015258789
2024-06-11,104.5
2024-06-12,114.0
2024-06-13,100.69999694824219
2024-06-14,102.5999984741211
2024-06-17,98.80000305175781
2024-06-18,98.80000305175781
2024-06-20,100.69999694824219
2024-06-21,114.0
2024-06-24,115.9000015258789
2024-06-25,121.5999984741211
2024-06-26,119.69999694824219
2024-06-27,112.0999984741211
2024-06-28,112.0999984741211
2024-07-01,72.19999694824219
2024-07-02,66.5
2024-07-03,72.19999694824219
2024-07-05,66.5
2024-07-08,66.5
2024-07-09,70.30000305175781
2024-07-10,76.0
2024-07-11,70.30000305175781
2024-07-12,72.19999694824219
2024-07-15,59.279998779296875
2024-07-16,59.849998474121094
2024-07-17,57.95000076293945
2024-07-18,53.20000076293945
2024-07-19,51.29999923706055
2024-07-22,50.72999954223633
2024-07-23,42.75
2024-07-24,34.58000183105469
2024-07-25,31.540000915527344
2024-07-26,33.060001373291016
2024-07-29,32.4900016784668
2024-07-30,32.4900016784668
2024-07-31,32.11000061035156
2024-08-01,30.780000686645508
2024-08-02,31.15999984741211
2024-08-05,29.829999923706055
2024-08-06,30.780000686645508
2024-08-07,29.260000228881836
2024-08-08,29.639999389648438
2024-08-09,26.219999313354492
2024-08-12,27.360000610351562
2024-08-13,29.639999389648438
2024-08-14,30.209999084472656
2024-08-15,30.59000015258789
2024-08-16,30.209999084472656
2024-08-19,41.9900016784668
2024-08-20,32.11000061035156
2024-08-21,37.43000030517578
2024-08-22,36.66999816894531
2024-08-23,35.720001220703125
2024-08-26,35.529998779296875
2024-08-27,35.34000015258789
2024-08-28,33.630001068115234
2024-08-29,25.84000015258789
2024-08-30,11.210000038146973
2024-09-03,10.069999694824219
2024-09-04,9.119999885559082
2024-09-05,8.550000190734863
2024-09-06,7.599999904632568
2024-09-09,7.789999961853027
2024-09-10,7.599999904632568
2024-09-11,7.599999904632568
2024-09-12,7.980000019073486
2024-09-13,8.170000076293945
2024-09-16,8.550000190734863
2024-09-17,8.359999656677246
2024-09-18,8.550000190734863
2024-09-19,8.930000305175781
2024-09-20,8.550000190734863
2024-09-23,8.739999771118164
2024-09-24,10.069999694824219
2024-09-25,8.930000305175781
2024-09-26,8.170000076293945
2024-09-27,8.170000076293945
2024-09-30,7.599999904632568
2024-10-01,7.409999847412109
2024-10-02,7.03000020980835
2024-10-03,6.840000152587891
2024-10-04,6.840000152587891
2024-10-07,6.460000038146973
2024-10-08,6.269999980926514
2024-10-09,6.269999980926514
2024-10-10,6.650000095367432
2024-10-11,6.650000095367432
2024-10-14,6.650000095367432
2024-10-15,7.03000020980835
2024-10-16,8.170000076293945
2024-10-17,8.359999656677246
2024-10-18,17.290000915527344
2024-10-21,17.479999542236328
2024-10-22,17.290000915527344
2024-10-23,15.010000228881836
2024-10-24,16.719999313354492
2024-10-25,11.779999732971191
2024-10-28,10.640000343322754
2024-10-29,10.449999809265137
2024-10-30,9.6899995803833
2024-10-31,9.3100004196167
2024-11-01,9.6899995803833
2024-11-04,9.6899995803833
2024-11-05,9.3100004196167
2024-11-06,8.930000305175781
2024-11-07,9.3100004196167
2024-11-08,9.119999885559082
2024-11-11,8.739999771118164
2024-11-12,8.170000076293945
2024-11-13,9.119999885559082
2024-11-14,9.5
2024-11-15,8.930000305175781
2024-11-18,8.170000076293945
2024-11-19,8.359999656677246
2024-11-20,7.980000019073486
2024-11-21,8.170000076293945
2024-11-22,7.980000019073486
2024-11-25,7.789999961853027
2024-11-26,7.980000019073486
2024-11-27,7.980000019073486
2024-11-29,8.170000076293945
2024-12-02,7.409999847412109
2024-12-03,7.21999979019165
2024-12-04,7.21999979019165
2024-12-05,6.840000152587891
2024-12-06,6.650000095367432
2024-12-09,7.03000020980835
2024-12-10,7.599999904632568
2024-12-11,7.03000020980835
2024-12-12,7.03000020980835
2024-12-13,6.650000095367432
2024-12-16,6.650000095367432
2024-12-17,6.460000038146973
2024-12-18,6.269999980926514
2024-12-19,6.269999980926514
2024-12-20,6.269999980926514
2024-12-23,6.650000095367432
2024-12-24,7.21999979019165
2024-12-26,7.980000019073486
2024-12-27,7.789999961853027
2024-12-30,7.980000019073486
2024-12-31,8.550000190734863
2025-01-02,8.550000190734863
2025-01-03,10.069999694824219
2025-01-06,10.640000343322754
2025-01-07,10.640000343322754
2025-01-08,10.069999694824219
2025-01-10,10.069999694824219
2025-01-13,8.359999656677246
2025-01-14,8.930000305175781
2025-01-15,8.550000190734863
2025-01-16,8.930000305175781
2025-01-17,8.739999771118164
2025-01-21,8.739999771118164
2025-01-22,8.170000076293945
2025-01-23,8.170000076293945
2025-01-24,7.789999961853027
2025-01-27,7.789999961853027
2025-01-28,7.980000019073486
2025-01-29,7.980000019073486
2025-01-30,7.789999961853027
2025-01-31,7.599999904632568
2025-02-03,7.409999847412109
2025-02-04,7.21999979019165
2025-02-05,7.409999847412109
2025-02-06,7.409999847412109
2025-02-07,7.409999847412109
2025-02-10,7.21999979019165
2025-02-11,7.03000020980835
2025-02-12,6.840000152587891
2025-02-13,7.21999979019165
2025-02-14,7.409999847412109
2025-02-18,7.03000020980835
2025-02-19,7.03000020980835
2025-02-20,6.840000152587891
2025-02-21,6.650000095367432
2025-02-24,6.840000152587891
2025-02-25,6.460000038146973
2025-02-26,6.460000038146973
2025-02-27,6.650000095367432
2025-02-28,6.650000095367432
2025-03-03,6.079999923706055
2025-03-04,6.269999980926514
2025-03-05,6.269999980926514
2025-03-06,6.269999980926514
2025-03-07,6.079999923706055
2025-03-10,6.460000038146973
2025-03-11,7.21999979019165
2025-03-12,7.03000020980835
2025-03-13,6.840000152587891
2025-03-14,7.21999979019165
2025-03-17,7.789999961853027
2025-03-18,7.599999904632568
2025-03-19,7.409999847412109
2025-03-20,7.03000020980835
2025-03-21,7.980000019073486
2025-03-24,7.409999847412109
2025-03-25,7.409999847412109
2025-03-26,7.03000020980835
2025-03-27,7.21999979019165
2025-03-28,6.650000095367432
2025-03-31,6.460000038146973
2025-04-01,6.650000095367432
2025-04-02,6.460000038146973
2025-04-03,6.460000038146973
2025-04-04,6.079999923706055
2025-04-07,5.699999809265137
2025-04-08,5.699999809265137
2025-04-09,5.699999809265137
2025-04-10,5.889999866485596
2025-04-11,6.269999980926514
2025-04-14,6.269999980926514
2025-04-15,6.079999923706055
2025-04-16,6.460000038146973
2025-04-17,6.079999923706055
2025-04-21,5.699999809265137
2025-04-22,5.889999866485596
2025-04-23,6.079999923706055
2025-04-24,5.320000171661377
2025-04-25,5.510000228881836
2025-04-28,5.510000228881836
2025-04-29,5.320000171661377
2025-04-30,5.320000171661377
2025-05-01,5.130000114440918
2025-05-02,5.130000114440918
2025-05-05,5.320000171661377
2025-05-06,5.130000114440918
2025-05-07,5.320000171661377
2025-05-08,4.940000057220459
2025-05-09,5.510000228881836
2025-05-12,5.510000228881836
2025-05-13,5.889999866485596
2025-05-14,5.699999809265137
2025-05-15,5.699999809265137
2025-05-16,5.510000228881836
2025-05-19,5.320000171661377
2025-05-20,5.320000171661377
2025-05-21,5.699999809265137
2025-05-22,3.990000009536743
2025-05-23,4.559999942779541
2025-05-27,3.609999895095825
2025-05-28,3.609999895095825
2025-05-29,3.609999895095825
2025-05-30,3.4200000762939453
2025-06-02,3.609999895095825
2025-06-03,3.799999952316284
2025-06-04,3.799999952316284
2025-06-05,3.990000009536743
2025-06-06,3.990000009536743
2025-06-09,4.179999828338623
2025-06-10,4.369999885559082
2025-06-11,11.399999618530273
2025-06-12,8.170000076293945
2025-06-13,7.03000020980835
2025-06-16,6.650000095367432
2025-06-17,6.269999980926514
2025-06-18,6.269999980926514
2025-06-20,5.699999809265137
2025-06-23,5.130000114440918
2025-06-24,4.75
2025-06-25,4.559999942779541
2025-06-26,4.75
2025-06-27,4.559999942779541
2025-06-30,4.559999942779541
2025-07-01,4.369999885559082
2025-07-02,4.559999942779541
2025-07-03,4.369999885559082
2025-07-07,4.559999942779541
2025-07-08,4.559999942779541
2025-07-09,4.559999942779541
2025-07-10,4.559999942779541
2025-07-11,4.559999942779541
2025-07-14,4.559999942779541
2025-07-15,4.179999828338623
2025-07-16,4.369999885559082
2025-07-17,4.179999828338623
2025-07-18,4.369999885559082
2025-07-21,4.559999942779541
2025-07-22,4.559999942779541
2025-07-23,4.179999828338623
2025-07-24,4.369999885559082
2025-07-25,4.179999828338623
2025-07-28,4.179999828338623
2025-07-29,3.4200000762939453
2025-07-30,3.2300000190734863
2025-07-31,3.0399999618530273
2025-08-01,3.2300000190734863
2025-08-04,3.2300000190734863
2025-08-05,3.0399999618530273
2025-08-06,3.0399999618530273
2025-08-07,3.4200000762939453
2025-08-08,3.609999895095825
2025-08-11,3.4200000762939453
2025-08-12,3.2300000190734863
2025-08-13,3.2300000190734863
2025-08-14,2.8499999046325684
2025-08-15,2.609999895095825
2025-08-18,4.25
2025-08-19,3.1600000858306885
2025-08-20,3.0199999809265137
2025-08-21,2.9800000190734863
2025-08-22,3.0199999809265137
2025-08-25,2.940000057220459
2025-08-26,2.7899999618530273
2025-08-27,2.450000047683716
2025-08-28,2.5799999237060547
2025-08-29,2.5
2025-09-02,2.4800000190734863
2025-09-03,2.5399999618530273
2025-09-04,2.5399999618530273
2025-09-05,2.4700000286102295
2025-09-08,2.4800000190734863
2025-09-09,2.440000057220459
2025-09-10,2.440000057220459
2025-09-11,2.5
2025-09-12,2.450000047683716
2025-09-15,2.5299999713897705
2025-09-16,2.5
2025-09-17,2.690000057220459
2025-09-18,2.690000057220459
2025-09-19,2.4000000953674316
2025-09-22,2.440000057220459
2025-09-23,2.4100000858306885
2025-09-24,2.380000114440918
2025-09-25,2.259999990463257
2025-09-26,2.3499999046325684
2025-09-29,2.559999942779541
2025-09-30,2.5199999809265137
2025-10-01,2.640000104904175
2025-10-02,2.5999999046325684
2025-10-03,2.559999942779541
2025-10-06,2.5399999618530273
2025-10-07,2.549999952316284
2025-10-08,2.809999942779541
2025-10-09,2.859999895095825
2025-10-10,2.759999990463257
2025-10-13,2.5799999237060547
2025-10-14,2.7200000286102295
2025-10-15,2.6600000858306885
2025-10-16,2.630000114440918
2025-10-17,2.5899999141693115
2025-10-20,2.640000104904175
2025-10-21,2.700000047683716
2025-10-22,2.549999952316284
2025-10-23,2.680000066757202
2025-10-24,2.6600000858306885
2025-10-27,2.630000114440918
2025-10-28,2.559999942779541
2025-10-29,2.440000057220459
2025-10-30,2.4000000953674316
2025-10-31,2.450000047683716
2025-11-03,2.4000000953674316
2025-11-04,2.2699999809265137
2025-11-05,2.2799999713897705
2025-11-06,2.2300000190734863
2025-11-07,2.2200000286102295
2025-11-10,2.2300000190734863
2025-11-11,2.319999933242798
2025-11-12,2.309999942779541
2025-11-13,2.049999952316284
2025-11-14,1.940000057220459
2025-11-17,1.7999999523162842
2025-11-18,1.7699999809265137
2025-11-19,1.7200000286102295
2025-11-20,1.5499999523162842
2025-11-21,1.5700000524520874
2025-11-24,1.850000023841858
2025-11-25,2.069999933242798
2025-11-26,2.049999952316284
2025-11-28,2.119999885559082
2025-12-01,2.049999952316284
2025-12-02,2.0999999046325684
2025-12-03,2.380000114440918
2025-12-04,2.4200000762939453
2025-12-05,2.380000114440918
2025-12-08,2.950000047683716
2025-12-09,2.7899999618530273
2025-12-10,3.0
2025-12-11,2.700000047683716
2025-12-12,2.5299999713897705
2025-12-15,2.240000009536743
2025-12-16,2.190000057220459
2025-12-17,2.200000047683716
2025-12-18,2.2200000286102295
2025-12-19,1.9800000190734863
2025-12-22,1.8600000143051147
2025-12-23,1.809999942779541
2025-12-24,1.7799999713897705
2025-12-26,1.6799999475479126
2025-12-29,1.559999942779541
2025-12-30,1.559999942779541
2025-12-31,1.8300000429153442
2026-01-02,2.009999990463257
2026-01-05,2.0399999618530273
2026-01-06,2.009999990463257
2026-01-07,2.0
2026-01-08,2.0299999713897705
2026-01-09,1.9800000190734863
2026-01-12,2.009999990463257
2026-01-13,2.049999952316284
2026-01-14,2.0199999809265137
2026-01-15,2.259999990463257
2026-01-16,2.130000114440918
2026-01-20,2.0899999141693115
2026-01-21,2.009999990463257
2026-01-22,2.2200000286102295
2026-01-23,2.299999952316284
2026-01-26,2.240000009536743
2026-01-27,2.119999885559082
2026-01-28,2.0899999141693115
2026-01-29,2.0799999237060547
2026-01-30,1.940000057220459
2026-02-02,1.8799999952316284
2026-02-03,1.840000033378601
2026-02-04,1.8700000047683716
2026-02-05,1.7799999713897705
2026-02-06,1.8899999856948853
2026-02-09,1.9299999475479126
2026-02-10,1.9500000476837158
2026-02-11,1.899999976158142
2026-02-12,1.2699999809265137
2026-02-13,1.4299999475479126
2026-02-17,1.600000023841858
2026-02-18,1.7000000476837158
2026-02-19,1.590000033378601
2026-02-20,1.659999966621399
2026-02-23,1.600000023841858
2026-02-24,1.6100000143051147
2026-02-25,1.6299999952316284
2026-02-26,1.6299999952316284
2026-02-27,1.659999966621399
2026-03-02,1.5800000429153442
2026-03-03,1.5499999523162842
2026-03-04,1.4500000476837158
2026-03-05,1.440000057220459
2026-03-06,1.409999966621399
2026-03-09,1.3700000047683716
2026-03-10,1.7200000286102295
2026-03-11,1.600000023841858
2026-03-12,1.4700000286102295
2026-03-13,1.3600000143051147
2026-03-16,1.409999966621399
2026-03-17,1.309999942779541
2026-03-18,1.2999999523162842
2026-03-19,1.309999942779541
2026-03-20,1.2300000190734863
2026-03-23,1.190000057220459
2026-03-24,1.2000000476837158
2026-03-25,1.149999976158142
2026-03-26,1.1100000143051147
2026-03-27,1.090000033378601
2026-03-30,1.0499999523162842
2026-03-31,1.0099999904632568
2026-04-01,0.9399999976158142
2026-04-02,0.9300000071525574
2026-04-06,0.949999988079071
2026-04-07,0.8799999952316284
2026-04-08,0.8600000143051147
2026-04-09,1.2100000381469727
2026-04-10,1.190000057220459
2026-04-13,1.2200000286102295
2026-04-14,1.1299999952316284
2026-04-15,1.0299999713897705
2026-04-16,0.8899999856948853
2026-04-17,0.8799999952316284
2026-04-20,0.9800000190734863
2026-04-21,0.949999988079071
2026-04-22,0.9599999785423279
2026-04-23,0.9399999976158142
2026-04-24,0.9300000071525574
2026-04-27,0.8999999761581421
2026-04-28,0.9300000071525574
2026-04-29,0.9399999976158142
2026-04-30,0.949999988079071
2026-05-01,0.949999988079071
2026-05-04,0.9399999976158142
2026-05-05,0.9300000071525574
2026-05-06,0.9200000166893005
2026-05-07,0.8899999856948853
2026-05-08,0.8299999833106995
2026-05-11,0.8191999793052673
